"publish_date","region","new_conf","new_deaths","cum_conf","cum_deaths"
2020-01-21,"Total",NA,NA,278,NA
2020-01-22,"Total",31,NA,309,NA
2020-01-23,"Total",262,NA,571,NA
2020-01-24,"Total",259,NA,830,NA
2020-01-25,"Total",467,NA,1297,NA
2020-01-26,"Total",688,NA,1985,NA
2020-01-27,"Total",776,NA,2761,NA
2020-01-28,"Total",1776,NA,4537,NA
2020-01-29,"Total",1460,NA,5997,NA
2020-01-30,"Total",1739,NA,7736,NA
2020-01-31,"Total",1984,NA,9720,NA
2020-02-01,"Hubei",NA,NA,7153,NA
2020-02-01,"Zhejiang",NA,NA,599,NA
2020-02-01,"Guangdong",NA,NA,520,NA
2020-02-01,"Henan",NA,NA,422,NA
2020-02-01,"Hunan",NA,NA,389,NA
2020-02-01,"Anhui",NA,NA,297,NA
2020-02-01,"Jiangxi",NA,NA,286,NA
2020-02-01,"Chongqing",NA,NA,238,NA
2020-02-01,"Sichuan",NA,NA,207,NA
2020-02-01,"Jiangsu",NA,NA,202,NA
2020-02-01,"Shandong",NA,NA,202,NA
2020-02-01,"Beijing",NA,NA,156,NA
2020-02-01,"Shanghai",NA,NA,153,NA
2020-02-01,"Fujian",NA,NA,144,NA
2020-02-01,"Shaanxi",NA,NA,101,NA
2020-02-01,"Guangxi",NA,NA,100,NA
2020-02-01,"Hebei",NA,NA,96,NA
2020-02-01,"Yunnan",NA,NA,91,NA
2020-02-01,"Heilongjiang",NA,NA,80,NA
2020-02-01,"Liaoning",NA,NA,60,NA
2020-02-01,"Hainan",NA,NA,57,NA
2020-02-01,"Shanxi",NA,NA,47,NA
2020-02-01,"Gansu",NA,NA,35,NA
2020-02-01,"Tianjin",NA,NA,34,NA
2020-02-01,"Guizhou",NA,NA,29,NA
2020-02-01,"Ningxia",NA,NA,26,NA
2020-02-01,"Inner Mongolia",NA,NA,23,NA
2020-02-01,"Xinjiang",NA,NA,18,NA
2020-02-01,"Jilin",NA,NA,17,NA
2020-02-01,"Hong Kong SAR",NA,NA,13,NA
2020-02-01,"Taipei",NA,NA,10,NA
2020-02-01,"Qinghai",NA,NA,8,NA
2020-02-01,"Macau SAR",NA,NA,7,NA
2020-02-01,"Xizang",NA,NA,1,NA
2020-02-01,"Total",2101,NA,11821,NA
2020-02-02,"Hubei",1921,NA,9074,NA
2020-02-02,"Zhejiang",62,NA,661,NA
2020-02-02,"Guangdong",84,NA,604,NA
2020-02-02,"Henan",71,NA,493,NA
2020-02-02,"Hunan",74,NA,463,NA
2020-02-02,"Anhui",43,NA,340,NA
2020-02-02,"Jiangxi",47,NA,333,NA
2020-02-02,"Chongqing",24,NA,262,NA
2020-02-02,"Sichuan",29,NA,236,NA
2020-02-02,"Jiangsu",29,NA,231,NA
2020-02-02,"Shandong",23,NA,225,NA
2020-02-02,"Beijing",27,NA,183,NA
2020-02-02,"Shanghai",24,NA,177,NA
2020-02-02,"Fujian",15,NA,159,NA
2020-02-02,"Shaanxi",15,NA,116,NA
2020-02-02,"Guangxi",11,NA,111,NA
2020-02-02,"Hebei",8,NA,104,NA
2020-02-02,"Yunnan",8,NA,99,NA
2020-02-02,"Heilongjiang",15,NA,95,NA
2020-02-02,"Liaoning",4,NA,64,NA
2020-02-02,"Hainan",6,NA,63,NA
2020-02-02,"Shanxi",9,NA,56,NA
2020-02-02,"Gansu",10,NA,45,NA
2020-02-02,"Tianjin",6,NA,40,NA
2020-02-02,"Guizhou",9,NA,38,NA
2020-02-02,"Ningxia",2,NA,28,NA
2020-02-02,"Inner Mongolia",3,NA,26,NA
2020-02-02,"Xinjiang",5,NA,23,NA
2020-02-02,"Jilin",4,NA,21,NA
2020-02-02,"Hong Kong SAR",1,NA,14,NA
2020-02-02,"Taipei",0,NA,10,NA
2020-02-02,"Qinghai",1,NA,9,NA
2020-02-02,"Macau SAR",0,NA,7,NA
2020-02-02,"Xizang",0,NA,1,NA
2020-02-02,"Total",2590,NA,14411,NA
2020-02-03,"Hubei",2103,NA,11177,NA
2020-02-03,"Zhejiang",63,NA,724,NA
2020-02-03,"Guangdong",79,NA,683,NA
2020-02-03,"Henan",73,NA,566,NA
2020-02-03,"Hunan",58,NA,521,NA
2020-02-03,"Anhui",68,NA,408,NA
2020-02-03,"Jiangxi",58,NA,391,NA
2020-02-03,"Chongqing",38,NA,300,NA
2020-02-03,"Jiangsu",40,NA,271,NA
2020-02-03,"Sichuan",18,NA,254,NA
2020-02-03,"Shandong",21,NA,246,NA
2020-02-03,"Beijing",29,NA,212,NA
2020-02-03,"Shanghai",16,NA,193,NA
2020-02-03,"Fujian",20,NA,179,NA
2020-02-03,"Shaanxi",12,NA,128,NA
2020-02-03,"Guangxi",16,NA,127,NA
2020-02-03,"Heilongjiang",23,NA,118,NA
2020-02-03,"Hebei",9,NA,113,NA
2020-02-03,"Yunnan",10,NA,109,NA
2020-02-03,"Liaoning",6,NA,70,NA
2020-02-03,"Hainan",7,NA,70,NA
2020-02-03,"Shanxi",10,NA,66,NA
2020-02-03,"Gansu",6,NA,51,NA
2020-02-03,"Tianjin",9,NA,49,NA
2020-02-03,"Guizhou",8,NA,46,NA
2020-02-03,"Inner Mongolia",7,NA,33,NA
2020-02-03,"Jilin",10,NA,31,NA
2020-02-03,"Ningxia",3,NA,31,NA
2020-02-03,"Xinjiang",1,NA,24,NA
2020-02-03,"Hong Kong SAR",1,NA,15,NA
2020-02-03,"Qinghai",4,NA,13,NA
2020-02-03,"Taipei",0,NA,10,NA
2020-02-03,"Macao SAR",NA,NA,8,NA
2020-02-03,"Xizang",0,NA,1,NA
2020-02-03,"Total",2827,NA,17238,NA
2020-02-04,"Hubei",2345,NA,13522,NA
2020-02-04,"Zhejiang",105,NA,829,NA
2020-02-04,"Guangdong",114,NA,797,NA
2020-02-04,"Henan",109,NA,675,NA
2020-02-04,"Hunan",72,NA,593,NA
2020-02-04,"Anhui",72,NA,480,NA
2020-02-04,"Jiangxi",85,NA,476,NA
2020-02-04,"Chongqing",37,NA,337,NA
2020-02-04,"Jiangsu",37,NA,308,NA
2020-02-04,"Sichuan",28,NA,282,NA
2020-02-04,"Shandong",24,NA,270,NA
2020-02-04,"Beijing",16,NA,228,NA
2020-02-04,"Shanghai",15,NA,208,NA
2020-02-04,"Fujian",15,NA,194,NA
2020-02-04,"Heilongjiang",37,NA,155,NA
2020-02-04,"Shaanxi",14,NA,142,NA
2020-02-04,"Guangxi",12,NA,139,NA
2020-02-04,"Hebei",13,NA,126,NA
2020-02-04,"Yunnan",8,NA,117,NA
2020-02-04,"Hainan",9,NA,79,NA
2020-02-04,"Liaoning",4,NA,74,NA
2020-02-04,"Shanxi",8,NA,74,NA
2020-02-04,"Tianjin",14,NA,63,NA
2020-02-04,"Gansu",5,NA,56,NA
2020-02-04,"Guizhou",10,NA,56,NA
2020-02-04,"Jilin",11,NA,42,NA
2020-02-04,"Inner Mongolia",4,NA,37,NA
2020-02-04,"Ningxia",3,NA,34,NA
2020-02-04,"Xinjiang",5,NA,29,NA
2020-02-04,"Hong Kong SAR",0,NA,15,NA
2020-02-04,"Qinghai",2,NA,15,NA
2020-02-04,"Taipei",0,NA,10,NA
2020-02-04,"Macao SAR",0,NA,8,NA
2020-02-04,"Xizang",0,NA,1,NA
2020-02-04,"Total",3233,NA,20471,NA
2020-02-05,"Hubei",3156,NA,16678,NA
2020-02-05,"Zhejiang",66,NA,895,NA
2020-02-05,"Guangdong",73,NA,870,NA
2020-02-05,"Henan",89,NA,764,NA
2020-02-05,"Hunan",68,NA,661,NA
2020-02-05,"Anhui",50,NA,530,NA
2020-02-05,"Jiangxi",72,NA,548,NA
2020-02-05,"Chongqing",29,NA,366,NA
2020-02-05,"Jiangsu",33,NA,341,NA
2020-02-05,"Sichuan",19,NA,301,NA
2020-02-05,"Shandong",28,NA,298,NA
2020-02-05,"Beijing",25,NA,253,NA
2020-02-05,"Shanghai",25,NA,233,NA
2020-02-05,"Fujian",11,NA,205,NA
2020-02-05,"Heilongjiang",35,NA,190,NA
2020-02-05,"Shaanxi",23,NA,165,NA
2020-02-05,"Guangxi",11,NA,150,NA
2020-02-05,"Hebei",9,NA,135,NA
2020-02-05,"Yunnan",5,NA,122,NA
2020-02-05,"Hainan",10,NA,89,NA
2020-02-05,"Liaoning",7,NA,81,NA
2020-02-05,"Shanxi",7,NA,81,NA
2020-02-05,"Tianjin",4,NA,67,NA
2020-02-05,"Gansu",1,NA,57,NA
2020-02-05,"Guizhou",8,NA,64,NA
2020-02-05,"Jilin",12,NA,54,NA
2020-02-05,"Inner Mongolia",5,NA,42,NA
2020-02-05,"Ningxia",0,NA,34,NA
2020-02-05,"Xinjiang",3,NA,32,NA
2020-02-05,"Hong Kong SAR",3,NA,18,NA
2020-02-05,"Qinghai",2,NA,17,NA
2020-02-05,"Taipei and environs",NA,NA,11,NA
2020-02-05,"Macao SAR",2,NA,10,NA
2020-02-05,"Xizang",0,NA,1,NA
2020-02-05,"Total",3892,NA,24363,NA
2020-02-06,"Hubei",2987,NA,19665,NA
2020-02-06,"Zhejiang",59,NA,954,NA
2020-02-06,"Guangdong",74,NA,944,NA
2020-02-06,"Henan",87,NA,851,NA
2020-02-06,"Hunan",50,NA,711,NA
2020-02-06,"Anhui",61,NA,591,NA
2020-02-06,"Jiangxi",52,NA,600,NA
2020-02-06,"Chongqing",23,NA,389,NA
2020-02-06,"Jiangsu",32,NA,373,NA
2020-02-06,"Sichuan",20,NA,321,NA
2020-02-06,"Shandong",45,NA,343,NA
2020-02-06,"Beijing",21,NA,274,NA
2020-02-06,"Shanghai",21,NA,254,NA
2020-02-06,"Fujian",10,NA,215,NA
2020-02-06,"Heilongjiang",37,NA,227,NA
2020-02-06,"Shaanxi",8,NA,173,NA
2020-02-06,"Guangxi",18,NA,168,NA
2020-02-06,"Hebei",22,NA,157,NA
2020-02-06,"Yunnan",6,NA,128,NA
2020-02-06,"Hainan",11,NA,100,NA
2020-02-06,"Liaoning",8,NA,89,NA
2020-02-06,"Shanxi",9,NA,90,NA
2020-02-06,"Tianjin",3,NA,70,NA
2020-02-06,"Gansu",5,NA,62,NA
2020-02-06,"Guizhou",5,NA,69,NA
2020-02-06,"Jilin",5,NA,59,NA
2020-02-06,"Inner Mongolia",4,NA,46,NA
2020-02-06,"Ningxia",6,NA,40,NA
2020-02-06,"Xinjiang",4,NA,36,NA
2020-02-06,"Hong Kong SAR",3,NA,21,NA
2020-02-06,"Qinghai",1,NA,18,NA
2020-02-06,"Taipei and environs",0,NA,11,NA
2020-02-06,"Macao SAR",0,NA,10,NA
2020-02-06,"Xizang",0,NA,1,NA
2020-02-06,"Total",3697,NA,28060,NA
2020-02-07,"Hubei",2447,NA,22112,NA
2020-02-07,"Zhejiang",52,NA,1006,NA
2020-02-07,"Guangdong",74,NA,1018,NA
2020-02-07,"Henan",63,NA,914,NA
2020-02-07,"Hunan",61,NA,772,NA
2020-02-07,"Anhui",74,NA,665,NA
2020-02-07,"Jiangxi",61,NA,661,NA
2020-02-07,"Chongqing",22,NA,411,NA
2020-02-07,"Jiangsu",35,NA,408,NA
2020-02-07,"Sichuan",23,NA,344,NA
2020-02-07,"Shandong",36,NA,379,NA
2020-02-07,"Beijing",23,NA,297,NA
2020-02-07,"Shanghai",15,NA,269,NA
2020-02-07,"Fujian",9,NA,224,NA
2020-02-07,"Heilongjiang",50,NA,277,NA
2020-02-07,"Shaanxi",11,NA,184,NA
2020-02-07,"Guangxi",4,NA,172,NA
2020-02-07,"Hebei",14,NA,171,NA
2020-02-07,"Yunnan",7,NA,135,NA
2020-02-07,"Hainan",11,NA,111,NA
2020-02-07,"Shanxi",6,NA,96,NA
2020-02-07,"Liaoning",5,NA,94,NA
2020-02-07,"Tianjin",9,NA,79,NA
2020-02-07,"Guizhou",8,NA,77,NA
2020-02-07,"Gansu",8,NA,70,NA
2020-02-07,"Jilin",6,NA,65,NA
2020-02-07,"Inner Mongolia",3,NA,49,NA
2020-02-07,"Ningxia",3,NA,43,NA
2020-02-07,"Xinjiang",3,NA,39,NA
2020-02-07,"Hong Kong SAR",3,NA,24,NA
2020-02-07,"Qinghai",0,NA,18,NA
2020-02-07,"Taipei and environs",5,NA,16,NA
2020-02-07,"Macao SAR",0,NA,10,NA
2020-02-07,"Xizang",0,NA,1,NA
2020-02-07,"Total",3151,NA,31211,NA
2020-02-08,"Hubei",2841,NA,24953,NA
2020-02-08,"Guangdong",57,NA,1075,NA
2020-02-08,"Zhejiang",42,NA,1048,NA
2020-02-08,"Henan",67,NA,981,NA
2020-02-08,"Hunan",31,NA,803,NA
2020-02-08,"Anhui",68,NA,733,NA
2020-02-08,"Jiangxi",37,NA,698,NA
2020-02-08,"Jiangsu",31,NA,439,NA
2020-02-08,"Chongqing",15,NA,426,NA
2020-02-08,"Shandong",28,NA,407,NA
2020-02-08,"Sichuan",19,NA,363,NA
2020-02-08,"Beijing",18,NA,315,NA
2020-02-08,"Heilongjiang",5,NA,282,NA
2020-02-08,"Shanghai",12,NA,281,NA
2020-02-08,"Fujian",15,NA,239,NA
2020-02-08,"Shaanxi",11,NA,195,NA
2020-02-08,"Hebei",24,NA,195,NA
2020-02-08,"Guangxi",11,NA,183,NA
2020-02-08,"Yunnan",3,NA,138,NA
2020-02-08,"Hainan",12,NA,123,NA
2020-02-08,"Shanxi",8,NA,104,NA
2020-02-08,"Liaoning",5,NA,99,NA
2020-02-08,"Guizhou",12,NA,89,NA
2020-02-08,"Tianjin",2,NA,81,NA
2020-02-08,"Gansu",1,NA,71,NA
2020-02-08,"Jilin",4,NA,69,NA
2020-02-08,"Inner Mongolia",1,NA,50,NA
2020-02-08,"Ningxia",2,NA,45,NA
2020-02-08,"Xinjiang",3,NA,42,NA
2020-02-08,"Hong Kong SAR",2,NA,26,NA
2020-02-08,"Qinghai",0,NA,18,NA
2020-02-08,"Taipei and environs",0,NA,16,NA
2020-02-08,"Macao SAR",0,NA,10,NA
2020-02-08,"Xizang",0,NA,1,NA
2020-02-08,"Total",3387,NA,34598,NA
2020-02-09,"Hubei",2147,NA,27100,NA
2020-02-09,"Guangdong",45,NA,1120,NA
2020-02-09,"Zhejiang",27,NA,1075,NA
2020-02-09,"Henan",52,NA,1033,NA
2020-02-09,"Hunan",35,NA,838,NA
2020-02-09,"Anhui",46,NA,779,NA
2020-02-09,"Jiangxi",42,NA,740,NA
2020-02-09,"Jiangsu",29,NA,468,NA
2020-02-09,"Chongqing",20,NA,446,NA
2020-02-09,"Shandong",28,NA,435,NA
2020-02-09,"Sichuan",23,NA,386,NA
2020-02-09,"Beijing",11,NA,326,NA
2020-02-09,"Heilongjiang",25,NA,307,NA
2020-02-09,"Shanghai",11,NA,292,NA
2020-02-09,"Fujian",11,NA,250,NA
2020-02-09,"Shaanxi",13,NA,208,NA
2020-02-09,"Hebei",11,NA,206,NA
2020-02-09,"Guangxi",12,NA,195,NA
2020-02-09,"Yunnan",2,NA,140,NA
2020-02-09,"Hainan",5,NA,128,NA
2020-02-09,"Shanxi",11,NA,115,NA
2020-02-09,"Liaoning",6,NA,105,NA
2020-02-09,"Guizhou",7,NA,96,NA
2020-02-09,"Tianjin",7,NA,88,NA
2020-02-09,"Gansu",10,NA,81,NA
2020-02-09,"Jilin",9,NA,78,NA
2020-02-09,"Inner Mongolia",4,NA,54,NA
2020-02-09,"Ningxia",0,NA,45,NA
2020-02-09,"Xinjiang",3,NA,45,NA
2020-02-09,"Hong Kong SAR",0,NA,26,NA
2020-02-09,"Qinghai",0,NA,18,NA
2020-02-09,"Taipei and environs",1,NA,17,NA
2020-02-09,"Macao SAR",0,NA,10,NA
2020-02-09,"Xizang",0,NA,1,NA
2020-02-09,"Total",2653,NA,37251,NA
2020-02-10,"Hubei",2531,NA,29631,NA
2020-02-10,"Guangdong",31,NA,1151,NA
2020-02-10,"Zhejiang",29,NA,1104,NA
2020-02-10,"Henan",40,NA,1073,NA
2020-02-10,"Hunan",41,NA,879,NA
2020-02-10,"Anhui",51,NA,830,NA
2020-02-10,"Jiangxi",31,NA,771,NA
2020-02-10,"Jiangsu",24,NA,492,NA
2020-02-10,"Chongqing",22,NA,468,NA
2020-02-10,"Shandong",24,NA,459,NA
2020-02-10,"Sichuan",19,NA,405,NA
2020-02-10,"Beijing",11,NA,337,NA
2020-02-10,"Heilongjiang",24,NA,331,NA
2020-02-10,"Shanghai",3,NA,295,NA
2020-02-10,"Fujian",11,NA,261,NA
2020-02-10,"Hebei",12,NA,218,NA
2020-02-10,"Shaanxi",5,NA,213,NA
2020-02-10,"Guangxi",15,NA,210,NA
2020-02-10,"Yunnan",1,NA,141,NA
2020-02-10,"Hainan",8,NA,136,NA
2020-02-10,"Shanxi",4,NA,119,NA
2020-02-10,"Guizhou",13,NA,109,NA
2020-02-10,"Liaoning",2,NA,107,NA
2020-02-10,"Tianjin",3,NA,91,NA
2020-02-10,"Gansu",4,NA,85,NA
2020-02-10,"Jilin",2,NA,80,NA
2020-02-10,"Inner Mongolia",4,NA,58,NA
2020-02-10,"Ningxia",4,NA,49,NA
2020-02-10,"Xinjiang",4,NA,49,NA
2020-02-10,"Hong Kong SAR",10,NA,36,NA
2020-02-10,"Qinghai",0,NA,18,NA
2020-02-10,"Taipei and environs",1,NA,18,NA
2020-02-10,"Macao SAR",0,NA,10,NA
2020-02-10,"Xizang",0,NA,1,NA
2020-02-10,"Total",2984,NA,40235,NA
2020-02-11,"Hubei",2097,NA,31728,NA
2020-02-11,"Guangdong",26,NA,1177,NA
2020-02-11,"Zhejiang",13,NA,1117,NA
2020-02-11,"Henan",32,NA,1105,NA
2020-02-11,"Hunan",33,NA,912,NA
2020-02-11,"Anhui",30,NA,860,NA
2020-02-11,"Jiangxi",33,NA,804,NA
2020-02-11,"Jiangsu",23,NA,515,NA
2020-02-11,"Chongqing",18,NA,486,NA
2020-02-11,"Shandong",27,NA,486,NA
2020-02-11,"Sichuan",12,NA,417,NA
2020-02-11,"Heilongjiang",29,NA,360,NA
2020-02-11,"Beijing",5,NA,342,NA
2020-02-11,"Shanghai",7,NA,302,NA
2020-02-11,"Fujian",6,NA,267,NA
2020-02-11,"Hebei",21,NA,239,NA
2020-02-11,"Shaanxi",6,NA,219,NA
2020-02-11,"Guangxi",5,NA,215,NA
2020-02-11,"Yunnan",8,NA,149,NA
2020-02-11,"Hainan",6,NA,142,NA
2020-02-11,"Shanxi",3,NA,122,NA
2020-02-11,"Guizhou",9,NA,118,NA
2020-02-11,"Liaoning",1,NA,108,NA
2020-02-11,"Tianjin",5,NA,96,NA
2020-02-11,"Gansu",1,NA,86,NA
2020-02-11,"Jilin",1,NA,81,NA
2020-02-11,"Inner Mongolia",0,NA,58,NA
2020-02-11,"Xinjiang",6,NA,55,NA
2020-02-11,"Ningxia",4,NA,53,NA
2020-02-11,"Hong Kong SAR",6,NA,42,NA
2020-02-11,"Qinghai",0,NA,18,NA
2020-02-11,"Taipei and environs",0,NA,18,NA
2020-02-11,"Macao SAR",0,NA,10,NA
2020-02-11,"Xizang",0,NA,1,NA
2020-02-11,"Total",2473,NA,42708,NA
2020-02-12,"Hubei",1638,NA,33366,NA
2020-02-12,"Guangdong",42,NA,1219,NA
2020-02-12,"Zhejiang",14,NA,1131,NA
2020-02-12,"Henan",30,NA,1135,NA
2020-02-12,"Hunan",34,NA,946,NA
2020-02-12,"Anhui",29,NA,889,NA
2020-02-12,"Jiangxi",40,NA,844,NA
2020-02-12,"Jiangsu",28,NA,543,NA
2020-02-12,"Chongqing",19,NA,505,NA
2020-02-12,"Shandong",11,NA,497,NA
2020-02-12,"Sichuan",19,NA,436,NA
2020-02-12,"Heilongjian",NA,NA,378,NA
2020-02-12,"Beijing",10,NA,352,NA
2020-02-12,"Shanghai",4,NA,306,NA
2020-02-12,"Fujian",5,NA,272,NA
2020-02-12,"Hebei",12,NA,251,NA
2020-02-12,"Shaanxi",6,NA,225,NA
2020-02-12,"Guangxi",7,NA,222,NA
2020-02-12,"Yunnan",5,NA,154,NA
2020-02-12,"Hainan",3,NA,145,NA
2020-02-12,"Shanxi",2,NA,124,NA
2020-02-12,"Guizhou",13,NA,131,NA
2020-02-12,"Liaoning",3,NA,111,NA
2020-02-12,"Tianjin",10,NA,106,NA
2020-02-12,"Gansu",0,NA,86,NA
2020-02-12,"Jilin",2,NA,83,NA
2020-02-12,"Inner Mongo",NA,NA,60,NA
2020-02-12,"Xinjiang",4,NA,59,NA
2020-02-12,"Ningxia",5,NA,58,NA
2020-02-12,"Hong Kong S",NA,NA,49,NA
2020-02-12,"Qinghai",0,NA,18,NA
2020-02-12,"Taipei and",NA,NA,18,NA
2020-02-12,"Macao SAR",0,NA,10,NA
2020-02-12,"Xizang",0,NA,1,NA
2020-02-12,"Total",2022,NA,44730,NA
2020-02-13,"Hubei",1508,NA,34874,NA
2020-02-13,"Guangdong",22,NA,1241,NA
2020-02-13,"Zhejiang",14,NA,1145,NA
2020-02-13,"Henan",34,NA,1169,NA
2020-02-13,"Hunan",22,NA,968,NA
2020-02-13,"Anhui",21,NA,910,NA
2020-02-13,"Jiangxi",28,NA,872,NA
2020-02-13,"Jiangsu",27,NA,570,NA
2020-02-13,"Chongqing",13,NA,518,NA
2020-02-13,"Shandong",9,NA,506,NA
2020-02-13,"Sichuan",15,NA,451,NA
2020-02-13,"Heilongjiang",35,NA,395,NA
2020-02-13,"Beijing",14,NA,366,NA
2020-02-13,"Shanghai",7,NA,313,NA
2020-02-13,"Fujian",7,NA,279,NA
2020-02-13,"Hebei",14,NA,265,NA
2020-02-13,"Shaanxi",4,NA,229,NA
2020-02-13,"Guangxi",0,NA,222,NA
2020-02-13,"Yunnan",1,NA,155,NA
2020-02-13,"Hainan",12,NA,157,NA
2020-02-13,"Shanxi",2,NA,126,NA
2020-02-13,"Guizhou",4,NA,135,NA
2020-02-13,"Liaoning",5,NA,116,NA
2020-02-13,"Tianjin",6,NA,112,NA
2020-02-13,"Gansu",1,NA,87,NA
2020-02-13,"Jilin",1,NA,84,NA
2020-02-13,"Inner Mongolia",3,NA,61,NA
2020-02-13,"Xinjiang",4,NA,63,NA
2020-02-13,"Ningxia",6,NA,64,NA
2020-02-13,"Hong Kong SAR",8,NA,50,NA
2020-02-13,"Qinghai",0,NA,18,NA
2020-02-13,"Taipei and environ",NA,NA,18,NA
2020-02-13,"Macao SAR",0,NA,10,NA
2020-02-13,"Xizang",0,NA,1,NA
2020-02-13,"Total",1820,NA,46550,NA
2020-02-14,"Hubei",4823,116,51986,1318
2020-02-14,"Guangdong",20,0,1261,2
2020-02-14,"Henan",15,1,1184,11
2020-02-14,"Zhejiang",10,0,1155,0
2020-02-14,"Hunan",20,0,988,2
2020-02-14,"Anhui",24,1,934,6
2020-02-14,"Jiangxi",28,0,900,1
2020-02-14,"Jiangsu",23,0,593,0
2020-02-14,"Chongqing",11,1,529,4
2020-02-14,"Shandong",13,0,519,2
2020-02-14,"Sichuan",12,0,463,1
2020-02-14,"Heilongjiang",23,2,418,11
2020-02-14,"Beijing",6,0,372,3
2020-02-14,"Shanghai",5,0,318,1
2020-02-14,"Hebei",18,0,283,3
2020-02-14,"Fujian",2,0,281,0
2020-02-14,"Shaanxi",1,0,230,0
2020-02-14,"Guangxi",4,0,226,2
2020-02-14,"Yunnan",7,0,162,0
2020-02-14,"Hainan",0,0,157,4
2020-02-14,"Guizhou",5,0,140,1
2020-02-14,"Shanxi",0,0,126,0
2020-02-14,"Tianjin",7,0,119,3
2020-02-14,"Liaoning",1,0,117,1
2020-02-14,"Gansu",3,0,90,2
2020-02-14,"Jilin",2,0,86,1
2020-02-14,"Ningxia",3,0,67,0
2020-02-14,"Xinjiang",2,0,65,1
2020-02-14,"Inner Mongolia",2,0,63,0
2020-02-14,"Hong Kong SAR",3,0,53,1
2020-02-14,"Qinghai",0,0,18,0
2020-02-14,"Taipei and environs",0,0,18,0
2020-02-14,"Macao SAR",0,0,10,0
2020-02-14,"Xizang",0,0,1,0
2020-02-14,"Total",5093,121,63932,1381
2020-02-15,"Hubei",2420,139,54406,1457
2020-02-15,"Guangdong",33,0,1294,2
2020-02-15,"Henan",28,2,1212,13
2020-02-15,"Zhejiang",7,0,1162,0
2020-02-15,"Hunan",13,0,1001,2
2020-02-15,"Anhui",16,0,950,6
2020-02-15,"Jiangxi",13,0,913,1
2020-02-15,"Jiangsu",11,0,604,0
2020-02-15,"Chongqing",8,1,537,5
2020-02-15,"Shandong",11,0,530,2
2020-02-15,"Sichuan",7,0,470,1
2020-02-15,"Heilongjiang",7,0,425,11
2020-02-15,"Beijing",3,1,375,4
2020-02-15,"Shanghai",8,0,326,1
2020-02-15,"Hebei",8,0,291,3
2020-02-15,"Fujian",4,0,285,0
2020-02-15,"Guangxi",9,0,235,2
2020-02-15,"Shaanxi",2,0,232,0
2020-02-15,"Yunnan",6,0,168,0
2020-02-15,"Hainan",5,0,162,4
2020-02-15,"Guizhou",3,0,143,1
2020-02-15,"Shanxi",1,0,127,0
2020-02-15,"Tianjin",1,0,120,3
2020-02-15,"Liaoning",2,0,119,1
2020-02-15,"Gansu",0,0,90,2
2020-02-15,"Jilin",2,0,88,1
2020-02-15,"Ningxia",3,0,70,0
2020-02-15,"Xinjiang",5,0,70,1
2020-02-15,"Inner Mongolia",5,0,68,0
2020-02-15,"Hong Kong SAR",3,0,56,1
2020-02-15,"Taipei and environs",0,0,18,0
2020-02-15,"Qinghai",0,0,18,0
2020-02-15,"Macao SAR",0,0,10,0
2020-02-15,"Xizang",0,0,1,0
2020-02-15,"Total",2644,143,66576,1524
2020-02-16,"Hubei",1843,139,56249,1596
2020-02-16,"Guangdong",22,0,1316,2
2020-02-16,"Henan",19,0,1231,13
2020-02-16,"Zhejiang",5,0,1167,0
2020-02-16,"Hunan",3,1,1004,3
2020-02-16,"Anhui",12,0,962,6
2020-02-16,"Jiangxi",13,0,925,1
2020-02-16,"Jiangsu",13,0,617,0
2020-02-16,"Chongqing",7,0,544,5
2020-02-16,"Shandong",7,0,537,2
2020-02-16,"Sichuan",11,2,481,3
2020-02-16,"Heilongjiang",20,0,445,11
2020-02-16,"Beijing",5,0,380,4
2020-02-16,"Shanghai",2,0,328,1
2020-02-16,"Hebei",9,0,300,3
2020-02-16,"Fujian",2,0,287,0
2020-02-16,"Guangxi",2,0,237,2
2020-02-16,"Shaanxi",4,0,236,0
2020-02-16,"Yunnan",1,0,169,0
2020-02-16,"Hainan",0,0,162,4
2020-02-16,"Guizhou",1,0,144,1
2020-02-16,"Shanxi",1,0,128,0
2020-02-16,"Tianjin",2,0,122,3
2020-02-16,"Liaoning",1,0,120,1
2020-02-16,"Gansu",0,0,90,2
2020-02-16,"Jilin",1,0,89,1
2020-02-16,"Xinjiang",1,0,71,1
2020-02-16,"Ningxia",0,0,70,0
2020-02-16,"Inner Mongolia",2,0,70,0
2020-02-16,"Hong Kong SAR",0,0,56,1
2020-02-16,"Taipei and environs",0,0,18,0
2020-02-16,"Qinghai",0,0,18,0
2020-02-16,"Macao SAR",0,0,10,0
2020-02-16,"Xizang",0,0,1,0
2020-02-16,"Total",2009,142,68584,1666
2020-02-17,"Hubei",1933,100,58182,1696
2020-02-17,"Guangdong",6,2,1322,4
2020-02-17,"Henan",15,3,1246,16
2020-02-17,"Zhejiang",4,0,1171,0
2020-02-17,"Hunan",2,0,1006,3
2020-02-17,"Anhui",11,0,973,6
2020-02-17,"Jiangxi",5,0,930,1
2020-02-17,"Jiangsu",9,0,626,0
2020-02-17,"Chongqing",7,0,551,5
2020-02-17,"Shandong",4,0,541,2
2020-02-17,"Sichuan",14,0,495,3
2020-02-17,"Heilongjiang",12,0,457,11
2020-02-17,"Beijing",1,0,381,4
2020-02-17,"Shanghai",3,0,331,1
2020-02-17,"Hebei",1,0,301,3
2020-02-17,"Fujian",3,0,290,0
2020-02-17,"Shaanxi",4,0,240,0
2020-02-17,"Guangxi",1,0,238,2
2020-02-17,"Yunnan",2,0,171,0
2020-02-17,"Hainan",0,0,162,4
2020-02-17,"Guizhou",2,0,146,1
2020-02-17,"Shanxi",1,0,129,0
2020-02-17,"Tianjin",2,0,124,3
2020-02-17,"Liaoning",1,0,121,1
2020-02-17,"Gansu",1,0,91,2
2020-02-17,"Jilin",0,0,89,1
2020-02-17,"Xinjiang",2,0,73,1
2020-02-17,"Inner Mongolia",2,0,72,0
2020-02-17,"Ningxia",0,0,70,0
2020-02-17,"Hong Kong SAR",1,0,57,1
2020-02-17,"Taipei and environs",2,1,20,1
2020-02-17,"Qinghai",0,0,18,0
2020-02-17,"Macao SAR",0,0,10,0
2020-02-17,"Xizang",0,0,1,0
2020-02-17,"Total",2051,106,70635,1772
2020-02-18,"Hubei",1807,93,59989,1789
2020-02-18,"Guangdong",6,0,1328,4
2020-02-18,"Henan",11,3,1257,19
2020-02-18,"Zhejiang",1,0,1172,0
2020-02-18,"Hunan",1,1,1007,4
2020-02-18,"Anhui",9,0,982,6
2020-02-18,"Jiangxi",3,0,933,1
2020-02-18,"Jiangsu",3,0,629,0
2020-02-18,"Chongqing",2,0,553,5
2020-02-18,"Shandong",2,0,543,2
2020-02-18,"Sichuan",13,0,508,3
2020-02-18,"Heilongjiang",7,0,464,11
2020-02-18,"Beijing",6,0,387,4
2020-02-18,"Shanghai",2,0,333,1
2020-02-18,"Hebei",1,1,302,4
2020-02-18,"Fujian",2,0,292,0
2020-02-18,"Guangxi",4,0,242,2
2020-02-18,"Shaanxi",0,0,240,0
2020-02-18,"Yunnan",1,0,172,0
2020-02-18,"Hainan",1,0,163,4
2020-02-18,"Guizhou",0,0,146,1
2020-02-18,"Shanxi",1,0,130,0
2020-02-18,"Tianjin",1,0,125,3
2020-02-18,"Liaoning",0,0,121,1
2020-02-18,"Gansu",0,0,91,2
2020-02-18,"Jilin",0,0,89,1
2020-02-18,"Xinjiang",1,0,76,1
2020-02-18,"Inner Mongolia",1,0,73,0
2020-02-18,"Ningxia",0,0,70,0
2020-02-18,"Hong Kong SAR",3,0,60,1
2020-02-18,"Taipei and environs",2,0,22,1
2020-02-18,"Qinghai",0,0,18,0
2020-02-18,"Macao SAR",0,0,10,0
2020-02-18,"Xizang",0,0,1,0
2020-02-18,"Total",1891,98,72528,1870
2020-02-19,"Hubei",1693,132,61682,1921
2020-02-19,"Guangdong",3,1,1331,5
2020-02-19,"Henan",5,0,1262,19
2020-02-19,"Zhejiang",1,0,1173,0
2020-02-19,"Hunan",1,0,1008,4
2020-02-19,"Anhui",4,0,986,6
2020-02-19,"Jiangxi",1,0,934,1
2020-02-19,"Jiangsu",2,0,631,0
2020-02-19,"Chongqing",2,0,555,5
2020-02-19,"Shandong",1,1,544,3
2020-02-19,"Sichuan",6,0,514,3
2020-02-19,"Heilongjiang",6,1,470,12
2020-02-19,"Beijing",6,0,393,4
2020-02-19,"Shanghai",0,0,333,1
2020-02-19,"Hebei",4,0,306,4
2020-02-19,"Fujian",1,0,293,0
2020-02-19,"Guangxi",2,0,244,2
2020-02-19,"Shaanxi",2,0,242,0
2020-02-19,"Yunnan",1,0,173,0
2020-02-19,"Hainan",0,0,163,4
2020-02-19,"Guizhou",0,1,146,2
2020-02-19,"Shanxi",1,0,131,0
2020-02-19,"Tianjin",3,0,128,3
2020-02-19,"Liaoning",0,0,121,1
2020-02-19,"Gansu",0,0,91,2
2020-02-19,"Jilin",1,0,90,1
2020-02-19,"Xinjiang",0,0,76,1
2020-02-19,"Inner Mongolia",2,0,75,0
2020-02-19,"Ningxia",1,0,71,0
2020-02-19,"Hong Kong SAR",2,0,62,1
2020-02-19,"Taipei and environs",1,0,23,1
2020-02-19,"Qinghai",0,0,18,0
2020-02-19,"Macao SAR",0,0,10,0
2020-02-19,"Xizang",0,0,1,0
2020-02-19,"Total",1752,136,74280,2006
2020-02-20,"Hubei",349,108,62031,2029
2020-02-20,"Guangdong",1,0,1332,5
2020-02-20,"Henan",4,0,1265,19
2020-02-20,"Zhejiang",2,0,1175,0
2020-02-20,"Hunan",2,0,1010,4
2020-02-20,"Anhui",1,0,987,6
2020-02-20,"Jiangxi",1,0,934,1
2020-02-20,"Jiangsu",0,0,631,0
2020-02-20,"Chongqing",5,0,560,5
2020-02-20,"Shandong",2,1,546,4
2020-02-20,"Sichuan",6,0,520,3
2020-02-20,"Heilongjiang",6,0,476,12
2020-02-20,"Beijing",2,0,395,4
2020-02-20,"Shanghai",0,1,333,2
2020-02-20,"Hebei",1,1,307,5
2020-02-20,"Fujian",0,1,293,1
2020-02-20,"Guangxi",1,0,245,2
2020-02-20,"Shaanxi",3,1,245,1
2020-02-20,"Yunnan",0,1,172,1
2020-02-20,"Hainan",5,0,168,4
2020-02-20,"Guizhou",0,0,146,2
2020-02-20,"Shanxi",0,0,131,0
2020-02-20,"Tianjin",2,0,130,3
2020-02-20,"Liaoning",0,0,121,1
2020-02-20,"Gansu",1,0,91,1
2020-02-20,"Jilin",0,0,91,2
2020-02-20,"Xinjiang",0,0,76,1
2020-02-20,"Inner Mongolia",0,0,75,0
2020-02-20,"Ningxia",0,0,71,0
2020-02-20,"Hong Kong SAR",3,1,65,2
2020-02-20,"Taipei and environs",2,0,24,1
2020-02-20,"Qinghai",0,0,18,0
2020-02-20,"Macao SAR",0,0,10,0
2020-02-20,"Xizang",0,0,1,0
2020-02-20,"Total",399,115,74675,2121
2020-02-21,"Hubei",631,115,62662,2144
2020-02-21,"Guangdong",1,0,1333,5
2020-02-21,"Henan",2,0,1267,19
2020-02-21,"Zhejiang",28,1,1203,1
2020-02-21,"Hunan",1,0,1011,4
2020-02-21,"Anhui",1,0,988,6
2020-02-21,"Jiangxi",0,0,934,1
2020-02-21,"Shandong",202,0,748,4
2020-02-21,"Jiangsu",0,0,631,0
2020-02-21,"Chongqing",7,1,567,6
2020-02-21,"Sichuan",5,0,525,3
2020-02-21,"Heilongjiang",3,0,479,12
2020-02-21,"Beijing",1,0,396,4
2020-02-21,"Shanghai",1,0,334,2
2020-02-21,"Hebei",1,0,308,5
2020-02-21,"Fujian",0,0,293,1
2020-02-21,"Guangxi",1,0,246,2
2020-02-21,"Shaanxi",0,0,245,1
2020-02-21,"Yunnan",2,1,174,2
2020-02-21,"Hainan",0,0,168,4
2020-02-21,"Guizhou",0,0,146,2
2020-02-21,"Shanxi",1,0,132,0
2020-02-21,"Tianjin",1,0,131,3
2020-02-21,"Liaoning",0,0,121,1
2020-02-21,"Jilin",0,0,91,1
2020-02-21,"Gansu",0,0,91,2
2020-02-21,"Xinjiang",0,0,76,1
2020-02-21,"Inner Mongolia",0,0,75,0
2020-02-21,"Ningxia",0,0,71,0
2020-02-21,"Hong Kong SAR",3,0,68,2
2020-02-21,"Taipei and environs",2,0,26,1
2020-02-21,"Qinghai",0,0,18,0
2020-02-21,"Macao SAR",0,0,10,0
2020-02-21,"Xizang",0,0,1,0
2020-02-21,"Total",894,118,75569,2239
2020-02-22,"Hubei",366,106,63454,2250
2020-02-22,"Guangdong",6,0,1339,5
2020-02-22,"Henan",3,0,1270,19
2020-02-22,"Zhejiang",2,0,1205,1
2020-02-22,"Hunan",2,0,1013,4
2020-02-22,"Anhui",1,0,989,6
2020-02-22,"Jiangxi",0,0,934,1
2020-02-22,"Shandong",2,0,750,4
2020-02-22,"Jiangsu",0,0,631,0
2020-02-22,"Chongqing",5,0,572,6
2020-02-22,"Sichuan",1,0,526,3
2020-02-22,"Heilongjiang",0,0,479,12
2020-02-22,"Beijing",3,0,399,4
2020-02-22,"Shanghai",0,1,334,3
2020-02-22,"Hebei",1,1,309,6
2020-02-22,"Fujian",0,0,293,1
2020-02-22,"Guangxi",3,0,249,2
2020-02-22,"Shaanxi",0,0,245,1
2020-02-22,"Yunnan",0,0,174,2
2020-02-22,"Hainan",0,0,168,4
2020-02-22,"Guizhou",0,0,146,2
2020-02-22,"Tianjin",2,0,133,3
2020-02-22,"Shanxi",0,0,132,0
2020-02-22,"Liaoning",0,0,121,1
2020-02-22,"Jilin",0,0,91,1
2020-02-22,"Gansu",0,0,91,2
2020-02-22,"Xinjiang",0,1,76,2
2020-02-22,"Inner Mongolia",0,0,75,0
2020-02-22,"Ningxia",0,0,71,0
2020-02-22,"Hong Kong SAR",0,0,68,2
2020-02-22,"Taipei and environs",0,0,26,1
2020-02-22,"Qinghai",0,0,18,0
2020-02-22,"Macao SAR",0,0,10,0
2020-02-22,"Xizang",0,0,1,0
2020-02-22,"Total",397,109,76392,2348
2020-02-23,"Hubei",630,96,64084,2346
2020-02-23,"Guangdong",3,1,1342,6
2020-02-23,"Henan",1,0,1271,19
2020-02-23,"Zhejiang",0,0,1205,1
2020-02-23,"Hunan",3,0,1016,4
2020-02-23,"Anhui",0,0,989,6
2020-02-23,"Jiangxi",0,0,934,1
2020-02-23,"Shandong",4,0,754,4
2020-02-23,"Jiangsu",0,0,631,0
2020-02-23,"Chongqing",1,0,573,6
2020-02-23,"Sichuan",0,0,526,3
2020-02-23,"Heilongjiang",1,0,480,12
2020-02-23,"Beijing",0,0,399,4
2020-02-23,"Shanghai",1,0,335,3
2020-02-23,"Hebei",2,0,311,6
2020-02-23,"Fujian",0,0,293,1
2020-02-23,"Guangxi",0,0,249,2
2020-02-23,"Shaanxi",0,0,245,1
2020-02-23,"Yunnan",0,0,174,2
2020-02-23,"Hainan",0,0,168,4
2020-02-23,"Guizhou",0,0,146,2
2020-02-23,"Tianjin",2,0,135,3
2020-02-23,"Shanxi",0,0,132,0
2020-02-23,"Liaoning",0,0,121,1
2020-02-23,"Jilin",0,0,91,1
2020-02-23,"Gansu",0,0,91,2
2020-02-23,"Xinjiang",0,0,76,2
2020-02-23,"Inner Mongolia",0,0,75,0
2020-02-23,"Ningxia",0,0,71,0
2020-02-23,"Hong Kong SAR",2,0,70,2
2020-02-23,"Taipei and environs",0,0,26,1
2020-02-23,"Qinghai",0,0,18,0
2020-02-23,"Macao SAR",0,0,10,0
2020-02-23,"Xizang",0,0,1,0
2020-02-23,"Total",650,97,77042,2445
2020-02-24,"Hubei",398,149,64287,2495
2020-02-24,"Guangdong",3,0,1345,6
2020-02-24,"Henan",0,0,1271,19
2020-02-24,"Zhejiang",0,0,1205,1
2020-02-24,"Hunan",0,0,1016,4
2020-02-24,"Anhui",0,0,989,6
2020-02-24,"Jiangxi",0,0,934,1
2020-02-24,"Shandong",1,0,755,4
2020-02-24,"Jiangsu",0,0,631,0
2020-02-24,"Chongqing",2,0,575,6
2020-02-24,"Sichuan",1,0,527,3
2020-02-24,"Heilongjiang",0,0,480,12
2020-02-24,"Beijing",0,0,399,4
2020-02-24,"Shanghai",0,0,335,3
2020-02-24,"Hebei",0,0,311,6
2020-02-24,"Fujian",0,0,293,1
2020-02-24,"Guangxi",2,0,251,2
2020-02-24,"Shaanxi",0,0,245,1
2020-02-24,"Yunnan",0,0,174,2
2020-02-24,"Hainan",0,1,168,5
2020-02-24,"Guizhou",0,0,146,2
2020-02-24,"Tianjin",0,0,135,3
2020-02-24,"Shanxi",0,0,132,0
2020-02-24,"Liaoning",0,0,121,1
2020-02-24,"Jilin",2,0,93,1
2020-02-24,"Gansu",0,0,91,2
2020-02-24,"Xinjiang",0,0,76,2
2020-02-24,"Inner Mongolia",0,0,75,0
2020-02-24,"Hong Kong SAR",4,0,74,2
2020-02-24,"Ningxia",0,0,71,0
2020-02-24,"Taipei and environs",2,0,28,1
2020-02-24,"Qinghai",0,0,18,0
2020-02-24,"Macao SAR",0,0,10,0
2020-02-24,"Xizang",0,0,1,0
2020-02-24,"Total",415,150,77262,2595
2020-02-25,"Hubei",499,68,64786,2563
2020-02-25,"Guangdong",2,1,1347,7
2020-02-25,"Henan",0,0,1271,19
2020-02-25,"Zhejiang",0,0,1205,1
2020-02-25,"Hunan",0,0,1016,4
2020-02-25,"Anhui",0,0,989,6
2020-02-25,"Jiangxi",0,0,934,1
2020-02-25,"Shandong",0,2,755,6
2020-02-25,"Jiangsu",0,0,631,0
2020-02-25,"Chongqing",1,0,576,6
2020-02-25,"Sichuan",2,0,529,3
2020-02-25,"Heilongjiang",0,0,480,12
2020-02-25,"Beijing",1,0,400,4
2020-02-25,"Shanghai",0,0,335,3
2020-02-25,"Hebei",0,0,311,6
2020-02-25,"Fujian",1,0,294,1
2020-02-25,"Guangxi",1,0,252,2
2020-02-25,"Shaanxi",0,0,245,1
2020-02-25,"Yunnan",0,0,174,2
2020-02-25,"Hainan",0,0,168,5
2020-02-25,"Guizhou",0,0,146,2
2020-02-25,"Tianjin",0,0,135,3
2020-02-25,"Shanxi",1,0,133,0
2020-02-25,"Liaoning",0,0,121,1
2020-02-25,"Jilin",0,0,93,1
2020-02-25,"Gansu",0,0,91,2
2020-02-25,"Hong Kong SAR",7,0,81,2
2020-02-25,"Xinjiang",0,0,76,2
2020-02-25,"Inner Mongolia",0,0,75,0
2020-02-25,"Ningxia",0,0,71,0
2020-02-25,"Taipei and environs",3,0,31,1
2020-02-25,"Qinghai",0,0,18,0
2020-02-25,"Macao SAR",0,0,10,0
2020-02-25,"Xizang",0,0,1,0
2020-02-25,"Total",518,71,77780,2666
2020-02-26,"Hubei",401,52,65187,2615
2020-02-26,"Guangdong",0,0,1347,7
2020-02-26,"Henan",0,0,1271,19
2020-02-26,"Zhejiang",0,0,1205,1
2020-02-26,"Hunan",0,0,1016,4
2020-02-26,"Anhui",0,0,989,6
2020-02-26,"Jiangxi",0,0,934,1
2020-02-26,"Shandong",1,0,756,6
2020-02-26,"Jiangsu",0,0,631,0
2020-02-26,"Chongqing",0,0,576,6
2020-02-26,"Sichuan",2,0,531,3
2020-02-26,"Heilongjiang",0,0,480,12
2020-02-26,"Beijing",0,0,400,4
2020-02-26,"Shanghai",1,0,336,3
2020-02-26,"Hebei",1,0,312,6
2020-02-26,"Fujian",0,0,294,1
2020-02-26,"Guangxi",0,0,252,2
2020-02-26,"Shaanxi",0,0,245,1
2020-02-26,"Yunnan",0,0,174,2
2020-02-26,"Hainan",0,0,168,5
2020-02-26,"Guizhou",0,0,146,2
2020-02-26,"Tianjin",0,0,135,3
2020-02-26,"Shanxi",0,0,133,0
2020-02-26,"Liaoning",0,0,121,1
2020-02-26,"Jilin",0,0,93,1
2020-02-26,"Gansu",0,0,91,2
2020-02-26,"Hong Kong SAR",4,0,85,2
2020-02-26,"Xinjiang",0,0,76,2
2020-02-26,"Inner Mongolia",0,0,75,0
2020-02-26,"Ningxia",0,0,71,0
2020-02-26,"Taipei and environs",2,0,32,1
2020-02-26,"Qinghai",0,0,18,0
2020-02-26,"Macao SAR",0,0,10,0
2020-02-26,"Xizang",0,0,1,0
2020-02-26,"Total",412,52,78191,2718
2020-02-27,"Hubei",409,26,65596,2641
2020-02-27,"Guangdong",0,0,1347,7
2020-02-27,"Henan",1,1,1272,20
2020-02-27,"Zhejiang",0,0,1205,1
2020-02-27,"Hunan",1,0,1017,4
2020-02-27,"Anhui",0,0,989,6
2020-02-27,"Jiangxi",0,0,934,1
2020-02-27,"Shandong",0,0,756,6
2020-02-27,"Jiangsu",0,0,631,0
2020-02-27,"Chongqing",0,0,576,6
2020-02-27,"Sichuan",3,0,534,3
2020-02-27,"Heilongjiang",0,1,480,13
2020-02-27,"Beijing",10,1,410,5
2020-02-27,"Shanghai",1,0,337,3
2020-02-27,"Hebei",5,0,317,6
2020-02-27,"Fujian",2,0,296,1
2020-02-27,"Guangxi",0,0,252,2
2020-02-27,"Shaanxi",0,0,245,1
2020-02-27,"Yunnan",0,0,174,2
2020-02-27,"Hainan",0,0,168,5
2020-02-27,"Guizhou",0,0,146,2
2020-02-27,"Tianjin",0,0,135,3
2020-02-27,"Shanxi",0,0,133,0
2020-02-27,"Liaoning",0,0,121,1
2020-02-27,"Jilin",0,0,93,1
2020-02-27,"Gansu",0,0,91,2
2020-02-27,"Hong Kong SAR",6,0,91,2
2020-02-27,"Xinjiang",0,0,76,2
2020-02-27,"Inner Mongolia",0,0,75,0
2020-02-27,"Ningxia",1,0,72,0
2020-02-27,"Taipei and environs",0,0,32,1
2020-02-27,"Qinghai",0,0,18,0
2020-02-27,"Macao SAR",0,0,10,0
2020-02-27,"Xizang",0,0,1,0
2020-02-27,"Total",439,29,78630,2747
2020-02-28,"Hubei",318,41,65914,2682
2020-02-28,"Guangdong",1,0,1348,7
2020-02-28,"Henan",0,0,1272,20
2020-02-28,"Zhejiang",0,0,1205,1
2020-02-28,"Hunan",0,0,1017,4
2020-02-28,"Anhui",1,0,990,6
2020-02-28,"Jiangxi",1,0,935,1
2020-02-28,"Shandong",0,0,756,6
2020-02-28,"Jiangsu",0,0,631,0
2020-02-28,"Chongqing",0,0,576,6
2020-02-28,"Sichuan",4,0,538,3
2020-02-28,"Heilongjiang",0,0,480,13
2020-02-28,"Beijing",0,2,410,7
2020-02-28,"Shanghai",0,0,337,3
2020-02-28,"Hebei",1,0,318,6
2020-02-28,"Fujian",0,0,296,1
2020-02-28,"Guangxi",0,0,252,2
2020-02-28,"Shaanxi",0,0,245,1
2020-02-28,"Yunnan",0,0,174,2
2020-02-28,"Hainan",0,0,168,5
2020-02-28,"Guizhou",0,0,146,2
2020-02-28,"Tianjin",1,0,136,3
2020-02-28,"Shanxi",0,0,133,0
2020-02-28,"Liaoning",0,0,121,1
2020-02-28,"Jilin",0,0,93,1
2020-02-28,"Hong Kong SAR",2,0,93,2
2020-02-28,"Gansu",0,0,91,2
2020-02-28,"Xinjiang",0,1,76,3
2020-02-28,"Inner Mongolia",0,0,75,0
2020-02-28,"Ningxia",0,0,72,0
2020-02-28,"Taipei and environs",2,0,34,1
2020-02-28,"Qinghai",0,0,18,0
2020-02-28,"Macao SAR",0,0,10,0
2020-02-28,"Xizang",0,0,1,0
2020-02-28,"Total",331,44,78961,2791
2020-02-29,"Hubei",423,45,66337,2727
2020-02-29,"Guangdong",1,0,1349,7
2020-02-29,"Henan",0,1,1272,21
2020-02-29,"Zhejiang",0,0,1205,1
2020-02-29,"Hunan",1,0,1018,4
2020-02-29,"Anhui",0,0,990,6
2020-02-29,"Jiangxi",0,0,935,1
2020-02-29,"Shandong",0,0,756,6
2020-02-29,"Jiangsu",0,0,631,0
2020-02-29,"Chongqing",0,0,576,6
2020-02-29,"Sichuan",0,0,538,3
2020-02-29,"Heilongjiang",0,0,480,13
2020-02-29,"Beijing",1,1,411,8
2020-02-29,"Shanghai",0,0,337,3
2020-02-29,"Hebei",0,0,318,6
2020-02-29,"Fujian",0,0,296,1
2020-02-29,"Guangxi",0,0,252,2
2020-02-29,"Shaanxi",0,0,245,1
2020-02-29,"Yunnan",0,0,174,2
2020-02-29,"Hainan",0,0,168,5
2020-02-29,"Guizhou",0,0,146,2
2020-02-29,"Tianjin",0,0,136,3
2020-02-29,"Shanxi",0,0,133,0
2020-02-29,"Liaoning",0,0,121,1
2020-02-29,"Hong Kong SAR",1,0,94,2
2020-02-29,"Jilin",0,0,93,1
2020-02-29,"Gansu",0,0,91,2
2020-02-29,"Xinjiang",0,0,76,3
2020-02-29,"Inner Mongolia",0,0,75,0
2020-02-29,"Ningxia",1,0,73,0
2020-02-29,"Taipei and environs",7,0,39,1
2020-02-29,"Qinghai",0,0,18,0
2020-02-29,"Macao SAR",0,0,10,0
2020-02-29,"Xizang",0,0,1,0
2020-02-29,"Total",435,47,79394,2838
2020-03-01,"Hubei",570,34,66907,2761
2020-03-01,"Guangdong",0,0,1349,7
2020-03-01,"Henan",0,1,1272,22
2020-03-01,"Zhejiang",0,0,1205,1
2020-03-01,"Hunan",0,0,1018,4
2020-03-01,"Anhui",0,0,990,6
2020-03-01,"Jiangxi",0,0,935,1
2020-03-01,"Shandong",0,0,756,6
2020-03-01,"Jiangsu",0,0,631,0
2020-03-01,"Chongqing",0,0,576,6
2020-03-01,"Sichuan",0,0,538,3
2020-03-01,"Heilongjiang",0,0,480,13
2020-03-01,"Beijing",2,0,413,8
2020-03-01,"Shanghai",0,0,337,3
2020-03-01,"Hebei",0,0,318,6
2020-03-01,"Fujian",0,0,296,1
2020-03-01,"Guangxi",0,0,252,2
2020-03-01,"Shaanxi",0,0,245,1
2020-03-01,"Yunnan",0,0,174,2
2020-03-01,"Hainan",0,0,168,5
2020-03-01,"Guizhou",0,0,146,2
2020-03-01,"Tianjin",0,0,136,3
2020-03-01,"Shanxi",0,0,133,0
2020-03-01,"Liaoning",1,0,122,1
2020-03-01,"Hong Kong SAR",1,0,95,2
2020-03-01,"Jilin",0,0,93,1
2020-03-01,"Gansu",0,0,91,2
2020-03-01,"Xinjiang",0,0,76,3
2020-03-01,"Inner Mongolia",0,0,75,0
2020-03-01,"Ningxia",0,0,73,0
2020-03-01,"Taipei and environs",5,0,39,1
2020-03-01,"Qinghai",0,0,18,0
2020-03-01,"Macao SAR",0,0,10,0
2020-03-01,"Xizang",0,0,1,0
2020-03-01,"Total",579,35,79968,2873
2020-03-02,"Hubei",196,42,67103,2803
2020-03-02,"Guangdong",1,0,1350,7
2020-03-02,"Henan",0,0,1272,22
2020-03-02,"Zhejiang",1,0,1206,1
2020-03-02,"Hunan",0,0,1018,4
2020-03-02,"Anhui",0,0,990,6
2020-03-02,"Jiangxi",0,0,935,1
2020-03-02,"Shandong",2,0,758,6
2020-03-02,"Jiangsu",0,0,631,0
2020-03-02,"Chongqing",0,0,576,6
2020-03-02,"Sichuan",0,0,538,3
2020-03-02,"Heilongjiang",0,0,480,13
2020-03-02,"Beijing",1,0,414,8
2020-03-02,"Shanghai",0,0,337,3
2020-03-02,"Hebei",0,0,318,6
2020-03-02,"Fujian",0,0,296,1
2020-03-02,"Guangxi",0,0,252,2
2020-03-02,"Shaanxi",0,0,245,1
2020-03-02,"Yunnan",0,0,174,2
2020-03-02,"Hainan",0,0,168,5
2020-03-02,"Guizhou",0,0,146,2
2020-03-02,"Tianjin",0,0,136,3
2020-03-02,"Shanxi",0,0,133,0
2020-03-02,"Liaoning",0,0,122,1
2020-03-02,"Hong Kong SAR",3,0,98,2
2020-03-02,"Jilin",0,0,93,1
2020-03-02,"Gansu",0,0,91,2
2020-03-02,"Xinjiang",0,0,76,3
2020-03-02,"Inner Mongolia",0,0,75,0
2020-03-02,"Ningxia",1,0,74,0
2020-03-02,"Taipei and environs",1,0,40,1
2020-03-02,"Qinghai",0,0,18,0
2020-03-02,"Macao SAR",0,0,10,0
2020-03-02,"Xizang",0,0,1,0
2020-03-02,"Total",206,42,80174,2915
2020-03-03,"Hubei",114,31,67217,2834
2020-03-03,"Guangdong",0,0,1350,7
2020-03-03,"Henan",0,0,1272,22
2020-03-03,"Zhejiang",7,0,1213,1
2020-03-03,"Hunan",0,0,1018,4
2020-03-03,"Anhui",0,0,990,6
2020-03-03,"Jiangxi",0,0,935,1
2020-03-03,"Shandong",0,0,758,6
2020-03-03,"Jiangsu",0,0,631,0
2020-03-03,"Chongqing",0,0,576,6
2020-03-03,"Sichuan",0,0,538,3
2020-03-03,"Heilongjiang",0,0,480,13
2020-03-03,"Beijing",0,0,414,8
2020-03-03,"Shanghai",1,0,338,3
2020-03-03,"Hebei",0,0,318,6
2020-03-03,"Fujian",0,0,296,1
2020-03-03,"Guangxi",0,0,252,2
2020-03-03,"Shaanxi",0,0,245,1
2020-03-03,"Yunnan",0,0,174,2
2020-03-03,"Hainan",0,0,168,5
2020-03-03,"Guizhou",0,0,146,2
2020-03-03,"Tianjin",0,0,136,3
2020-03-03,"Shanxi",0,0,133,0
2020-03-03,"Liaoning",3,0,125,1
2020-03-03,"Hong Kong SAR",3,0,101,2
2020-03-03,"Jilin",0,0,93,1
2020-03-03,"Gansu",0,0,91,2
2020-03-03,"Xinjiang",0,0,76,3
2020-03-03,"Inner Mongolia",0,0,75,0
2020-03-03,"Ningxia",0,0,74,0
2020-03-03,"Taipei and environs",2,0,42,1
2020-03-03,"Qinghai",0,0,18,0
2020-03-03,"Macao SAR",0,0,10,0
2020-03-03,"Xizang",0,0,1,0
2020-03-03,"Total",130,31,80304,2946
2020-03-04,"Hubei",115,37,67332,2871
2020-03-04,"Guangdong",0,0,1350,7
2020-03-04,"Henan",0,0,1272,22
2020-03-04,"Zhejiang",0,0,1213,1
2020-03-04,"Hunan",0,0,1018,4
2020-03-04,"Anhui",0,0,990,6
2020-03-04,"Jiangxi",0,0,935,1
2020-03-04,"Shandong",0,0,758,6
2020-03-04,"Jiangsu",0,0,631,0
2020-03-04,"Chongqing",0,0,576,6
2020-03-04,"Sichuan",0,0,538,3
2020-03-04,"Heilongjiang",0,0,480,13
2020-03-04,"Beijing",3,0,417,8
2020-03-04,"Shanghai",0,0,338,3
2020-03-04,"Hebei",0,0,318,6
2020-03-04,"Fujian",0,0,296,1
2020-03-04,"Guangxi",0,0,252,2
2020-03-04,"Shaanxi",0,0,245,1
2020-03-04,"Yunnan",0,0,174,2
2020-03-04,"Hainan",0,0,168,5
2020-03-04,"Guizhou",0,0,146,2
2020-03-04,"Tianjin",0,0,136,3
2020-03-04,"Shanxi",0,0,133,0
2020-03-04,"Liaoning",0,0,125,1
2020-03-04,"Hong Kong SAR",0,0,100,2
2020-03-04,"Jilin",0,0,93,1
2020-03-04,"Gansu",0,0,91,2
2020-03-04,"Xinjiang",0,0,76,3
2020-03-04,"Ningxia",1,0,75,0
2020-03-04,"Inner Mongolia",0,1,75,1
2020-03-04,"Taipei and environs",1,0,42,1
2020-03-04,"Qinghai",0,0,18,0
2020-03-04,"Macao SAR",0,0,10,0
2020-03-04,"Xizang",0,0,1,0
2020-03-04,"Total",120,38,80422,2984
2020-03-05,"Hubei",134,31,67466,2902
2020-03-05,"Guangdong",0,0,1350,7
2020-03-05,"Henan",0,0,1272,22
2020-03-05,"Zhejiang",2,0,1215,1
2020-03-05,"Hunan",0,0,1018,4
2020-03-05,"Anhui",0,0,990,6
2020-03-05,"Jiangxi",0,0,935,1
2020-03-05,"Shandong",0,0,758,6
2020-03-05,"Jiangsu",0,0,631,0
2020-03-05,"Chongqing",0,0,576,6
2020-03-05,"Sichuan",1,0,539,3
2020-03-05,"Heilongjiang",1,0,481,13
2020-03-05,"Beijing",1,0,418,8
2020-03-05,"Shanghai",0,0,338,3
2020-03-05,"Hebei",0,0,318,6
2020-03-05,"Fujian",0,0,296,1
2020-03-05,"Guangxi",0,0,252,2
2020-03-05,"Shaanxi",0,0,245,1
2020-03-05,"Yunnan",0,0,174,2
2020-03-05,"Hainan",0,0,168,5
2020-03-05,"Guizhou",0,0,146,2
2020-03-05,"Tianjin",0,0,136,3
2020-03-05,"Shanxi",0,0,133,0
2020-03-05,"Liaoning",0,0,125,1
2020-03-05,"Hong Kong SAR",4,0,104,2
2020-03-05,"Jilin",0,0,93,1
2020-03-05,"Gansu",0,0,91,2
2020-03-05,"Xinjiang",0,0,76,3
2020-03-05,"Ningxia",0,0,75,0
2020-03-05,"Inner Mongolia",0,0,75,1
2020-03-05,"Taipei and environs",0,0,42,1
2020-03-05,"Qinghai",0,0,18,0
2020-03-05,"Macao SAR",0,0,10,0
2020-03-05,"Xizang",0,0,1,0
2020-03-05,"Total",143,31,80565,3015
2020-03-06,"Hubei",126,29,67592,2931
2020-03-06,"Guangdong",1,0,1351,7
2020-03-06,"Henan",0,0,1272,22
2020-03-06,"Zhejiang",0,0,1215,1
2020-03-06,"Hunan",0,0,1018,4
2020-03-06,"Anhui",0,0,990,6
2020-03-06,"Jiangxi",0,0,935,1
2020-03-06,"Shandong",0,0,758,6
2020-03-06,"Jiangsu",0,0,631,0
2020-03-06,"Chongqing",0,0,576,6
2020-03-06,"Sichuan",0,0,539,3
2020-03-06,"Heilongjiang",0,0,481,13
2020-03-06,"Beijing",4,0,422,8
2020-03-06,"Shanghai",1,0,339,3
2020-03-06,"Hebei",0,0,318,6
2020-03-06,"Fujian",0,0,296,1
2020-03-06,"Guangxi",0,0,252,2
2020-03-06,"Shaanxi",0,0,245,1
2020-03-06,"Yunnan",0,0,174,2
2020-03-06,"Hainan",0,1,168,6
2020-03-06,"Guizhou",0,0,146,2
2020-03-06,"Tianjin",0,0,136,3
2020-03-06,"Shanxi",0,0,133,0
2020-03-06,"Liaoning",0,0,125,1
2020-03-06,"Hong Kong SAR",0,0,104,2
2020-03-06,"Gansu",11,0,102,2
2020-03-06,"Jilin",0,0,93,1
2020-03-06,"Xinjiang",0,0,76,3
2020-03-06,"Inner Mongolia",0,0,75,1
2020-03-06,"Ningxia",0,0,75,0
2020-03-06,"Taipei and environs",3,0,45,1
2020-03-06,"Qinghai",0,0,18,0
2020-03-06,"Macao SAR",0,0,10,0
2020-03-06,"Xizang",0,0,1,0
2020-03-06,"Total",146,30,80711,3045
2020-03-07,"Hubei",74,28,67666,2959
2020-03-07,"Guangdong",1,0,1352,7
2020-03-07,"Henan",0,0,1272,22
2020-03-07,"Zhejiang",0,0,1215,1
2020-03-07,"Hunan",0,0,1018,4
2020-03-07,"Anhui",0,0,990,6
2020-03-07,"Jiangxi",0,0,935,1
2020-03-07,"Shandong",0,0,758,6
2020-03-07,"Jiangsu",0,0,631,0
2020-03-07,"Chongqing",0,0,576,6
2020-03-07,"Sichuan",0,0,539,3
2020-03-07,"Heilongjiang",0,0,481,13
2020-03-07,"Beijing",4,0,426,8
2020-03-07,"Shanghai",3,0,342,3
2020-03-07,"Hebei",0,0,318,6
2020-03-07,"Fujian",0,0,296,1
2020-03-07,"Guangxi",0,0,252,2
2020-03-07,"Shaanxi",0,0,245,1
2020-03-07,"Yunnan",0,0,174,2
2020-03-07,"Hainan",0,0,168,6
2020-03-07,"Guizhou",0,0,146,2
2020-03-07,"Tianjin",0,0,136,3
2020-03-07,"Shanxi",0,0,133,0
2020-03-07,"Liaoning",0,0,125,1
2020-03-07,"Gansu",17,0,119,2
2020-03-07,"Hong Kong SAR",3,0,107,2
2020-03-07,"Jilin",0,0,93,1
2020-03-07,"Xinjiang",0,0,76,3
2020-03-07,"Inner Mongolia",0,0,75,1
2020-03-07,"Ningxia",0,0,75,0
2020-03-07,"Taipei and environs",0,0,45,1
2020-03-07,"Qinghai",0,0,18,0
2020-03-07,"Macao SAR",0,0,10,0
2020-03-07,"Xizang",0,0,1,0
2020-03-07,"Total",102,28,80813,3073
2020-03-08,"Hubei",41,27,67707,2986
2020-03-08,"Guangdong",0,0,1352,7
2020-03-08,"Henan",0,0,1272,22
2020-03-08,"Zhejiang",0,0,1215,1
2020-03-08,"Hunan",0,0,1018,4
2020-03-08,"Anhui",0,0,990,6
2020-03-08,"Jiangxi",0,0,935,1
2020-03-08,"Shandong",0,0,758,6
2020-03-08,"Jiangsu",0,0,631,0
2020-03-08,"Chongqing",0,0,576,6
2020-03-08,"Sichuan",0,0,539,3
2020-03-08,"Heilongjiang",0,0,481,13
2020-03-08,"Beijing",2,0,428,8
2020-03-08,"Shanghai",0,0,342,3
2020-03-08,"Hebei",0,0,318,6
2020-03-08,"Fujian",0,0,296,1
2020-03-08,"Guangxi",0,0,252,2
2020-03-08,"Shaanxi",0,0,245,1
2020-03-08,"Yunnan",0,0,174,2
2020-03-08,"Hainan",0,0,168,6
2020-03-08,"Guizhou",0,0,146,2
2020-03-08,"Tianjin",0,0,136,3
2020-03-08,"Shanxi",0,0,133,0
2020-03-08,"Liaoning",0,0,125,1
2020-03-08,"Gansu",1,0,120,2
2020-03-08,"Hong Kong SAR",2,0,109,2
2020-03-08,"Jilin",0,0,93,1
2020-03-08,"Xinjiang",0,0,76,3
2020-03-08,"Inner Mongolia",0,0,75,1
2020-03-08,"Ningxia",0,0,75,0
2020-03-08,"Taipei and environs",0,0,45,1
2020-03-08,"Qinghai",0,0,18,0
2020-03-08,"Macao SAR",0,0,10,0
2020-03-08,"Xizang",0,0,1,0
2020-03-08,"Total",46,27,80859,3100
2020-03-09,"Hubei",36,21,67743,3007
2020-03-09,"Guangdong",0,1,1352,8
2020-03-09,"Henan",0,0,1272,22
2020-03-09,"Zhejiang",0,0,1215,1
2020-03-09,"Hunan",0,0,1018,4
2020-03-09,"Anhui",0,0,990,6
2020-03-09,"Jiangxi",0,0,935,1
2020-03-09,"Shandong",0,0,758,6
2020-03-09,"Jiangsu",0,0,631,0
2020-03-09,"Chongqing",0,0,576,6
2020-03-09,"Sichuan",0,0,539,3
2020-03-09,"Heilongjiang",0,0,481,13
2020-03-09,"Beijing",0,0,428,8
2020-03-09,"Shanghai",0,0,342,3
2020-03-09,"Hebei",0,0,318,6
2020-03-09,"Fujian",0,0,296,1
2020-03-09,"Guangxi",0,0,252,2
2020-03-09,"Shaanxi",0,0,245,1
2020-03-09,"Yunnan",0,0,174,2
2020-03-09,"Hainan",0,0,168,6
2020-03-09,"Guizhou",0,0,146,2
2020-03-09,"Tianjin",0,0,136,3
2020-03-09,"Shanxi",0,0,133,0
2020-03-09,"Liaoning",0,0,125,1
2020-03-09,"Gansu",4,0,124,2
2020-03-09,"Hong Kong SAR",5,1,114,3
2020-03-09,"Jilin",0,0,93,1
2020-03-09,"Xinjiang",0,0,76,3
2020-03-09,"Inner Mongolia",0,0,75,1
2020-03-09,"Ningxia",0,0,75,0
2020-03-09,"Taipei and environs",0,0,45,1
2020-03-09,"Qinghai",0,0,18,0
2020-03-09,"Macao SAR",0,0,10,0
2020-03-09,"Xizang",0,0,1,0
2020-03-09,"Total",45,23,80904,3123
2020-03-10,"Hubei",17,17,67760,3024
2020-03-10,"Guangdong",1,0,1353,8
2020-03-10,"Henan",0,0,1272,22
2020-03-10,"Zhejiang",0,0,1215,1
2020-03-10,"Hunan",0,0,1018,4
2020-03-10,"Anhui",0,0,990,6
2020-03-10,"Jiangxi",0,0,935,1
2020-03-10,"Shandong",0,0,758,6
2020-03-10,"Jiangsu",0,0,631,0
2020-03-10,"Chongqing",0,0,576,6
2020-03-10,"Sichuan",0,0,539,3
2020-03-10,"Heilongjiang",0,0,481,13
2020-03-10,"Beijing",1,0,429,8
2020-03-10,"Shanghai",0,0,342,3
2020-03-10,"Hebei",0,0,318,6
2020-03-10,"Fujian",0,0,296,1
2020-03-10,"Guangxi",0,0,252,2
2020-03-10,"Shaanxi",0,0,245,1
2020-03-10,"Yunnan",0,0,174,2
2020-03-10,"Hainan",0,0,168,6
2020-03-10,"Guizhou",0,0,146,2
2020-03-10,"Tianjin",0,0,136,3
2020-03-10,"Shanxi",0,0,133,0
2020-03-10,"Liaoning",0,0,125,1
2020-03-10,"Gansu",0,0,124,2
2020-03-10,"Hong Kong SAR",1,0,115,3
2020-03-10,"Jilin",0,0,93,1
2020-03-10,"Xinjiang",0,0,76,3
2020-03-10,"Ningxia",0,0,75,0
2020-03-10,"Inner Mongolia",0,0,75,1
2020-03-10,"Taipei and environs",0,0,45,1
2020-03-10,"Qinghai",0,0,18,0
2020-03-10,"Macao SAR",0,0,10,0
2020-03-10,"Xizang",0,0,1,0
2020-03-10,"Total",20,17,80924,3140
2020-03-11,"Hubei",13,22,67773,3046
2020-03-11,"Guangdong",0,0,1353,8
2020-03-11,"Henan",0,0,1272,22
2020-03-11,"Zhejiang",0,0,1215,1
2020-03-11,"Hunan",0,0,1018,4
2020-03-11,"Anhui",0,0,990,6
2020-03-11,"Jiangxi",0,0,935,1
2020-03-11,"Shandong",1,0,759,6
2020-03-11,"Jiangsu",0,0,631,0
2020-03-11,"Chongqing",0,0,576,6
2020-03-11,"Sichuan",0,0,539,3
2020-03-11,"Heilongjiang",1,0,482,13
2020-03-11,"Beijing",6,0,435,8
2020-03-11,"Shanghai",2,0,344,3
2020-03-11,"Hebei",0,0,318,6
2020-03-11,"Fujian",0,0,296,1
2020-03-11,"Guangxi",0,0,252,2
2020-03-11,"Shaanxi",0,0,245,1
2020-03-11,"Yunnan",0,0,174,2
2020-03-11,"Hainan",0,0,168,6
2020-03-11,"Guizhou",0,0,146,2
2020-03-11,"Tianjin",0,0,136,3
2020-03-11,"Shanxi",0,0,133,0
2020-03-11,"Liaoning",0,0,125,1
2020-03-11,"Gansu",1,0,125,2
2020-03-11,"Hong Kong SAR",5,0,120,3
2020-03-11,"Jilin",0,0,93,1
2020-03-11,"Xinjiang",0,0,76,3
2020-03-11,"Ningxia",0,0,75,0
2020-03-11,"Inner Mongolia",0,0,75,1
2020-03-11,"Taipei and environs",2,0,47,1
2020-03-11,"Qinghai",0,0,18,0
2020-03-11,"Macao SAR",0,0,10,0
2020-03-11,"Xizang",0,0,1,0
2020-03-11,"Total",31,22,80955,3162
2020-03-12,"Hubei",8,10,67781,3056
2020-03-12,"Guangdong",3,0,1356,8
2020-03-12,"Henan",1,0,1273,22
2020-03-12,"Zhejiang",0,0,1215,1
2020-03-12,"Hunan",0,0,1018,4
2020-03-12,"Anhui",0,0,990,6
2020-03-12,"Jiangxi",0,0,935,1
2020-03-12,"Shandong",1,0,760,6
2020-03-12,"Jiangsu",0,0,631,0
2020-03-12,"Chongqing",0,0,576,6
2020-03-12,"Sichuan",0,0,539,3
2020-03-12,"Heilongjiang",0,0,482,13
2020-03-12,"Beijing",0,0,435,8
2020-03-12,"Shanghai",0,0,344,3
2020-03-12,"Hebei",0,0,318,6
2020-03-12,"Fujian",0,0,296,1
2020-03-12,"Guangxi",0,0,252,2
2020-03-12,"Shaanxi",0,1,245,2
2020-03-12,"Yunnan",0,0,174,2
2020-03-12,"Hainan",0,0,168,6
2020-03-12,"Guizhou",0,0,146,2
2020-03-12,"Tianjin",0,0,136,3
2020-03-12,"Shanxi",0,0,133,0
2020-03-12,"Hong Kong SAR",9,0,129,3
2020-03-12,"Gansu",2,0,127,2
2020-03-12,"Liaoning",0,0,125,1
2020-03-12,"Jilin",0,0,93,1
2020-03-12,"Xinjiang",0,0,76,3
2020-03-12,"Ningxia",0,0,75,0
2020-03-12,"Inner Mongolia",0,0,75,1
2020-03-12,"Taipei and environs",2,0,49,1
2020-03-12,"Qinghai",0,0,18,0
2020-03-12,"Macao SAR",0,0,10,0
2020-03-12,"Xizang",0,0,1,0
2020-03-12,"Total",26,11,80981,3173
2020-03-13,"Hubei",5,6,67786,3062
2020-03-13,"Guangdong",0,0,1356,8
2020-03-13,"Henan",0,0,1273,22
2020-03-13,"Zhejiang",0,0,1215,1
2020-03-13,"Hunan",0,0,1018,4
2020-03-13,"Anhui",0,0,990,6
2020-03-13,"Jiangxi",0,0,935,1
2020-03-13,"Shandong",0,1,760,7
2020-03-13,"Jiangsu",0,0,631,0
2020-03-13,"Chongqing",0,0,576,6
2020-03-13,"Sichuan",0,0,539,3
2020-03-13,"Heilongjiang",0,0,482,13
2020-03-13,"Beijing",1,0,436,8
2020-03-13,"Shanghai",2,0,346,3
2020-03-13,"Hebei",0,0,318,6
2020-03-13,"Fujian",0,0,296,1
2020-03-13,"Guangxi",0,0,252,2
2020-03-13,"Shaanxi",0,0,245,2
2020-03-13,"Yunnan",0,0,174,2
2020-03-13,"Hainan",0,0,168,6
2020-03-13,"Guizhou",0,0,146,2
2020-03-13,"Tianjin",0,0,136,3
2020-03-13,"Shanxi",0,0,133,0
2020-03-13,"Hong Kong SAR",2,0,131,3
2020-03-13,"Gansu",0,0,127,2
2020-03-13,"Liaoning",0,0,125,1
2020-03-13,"Jilin",0,0,93,1
2020-03-13,"Xinjiang",0,0,76,3
2020-03-13,"Ningxia",0,0,75,0
2020-03-13,"Inner Mongolia",0,0,75,1
2020-03-13,"Taipei and environs",1,0,49,1
2020-03-13,"Qinghai",0,0,18,0
2020-03-13,"Macao SAR",0,0,10,0
2020-03-13,"Xizang",0,0,1,0
2020-03-13,"Total",11,7,80991,3180
2020-03-14,"Hubei",4,13,67790,3075
2020-03-14,"Guangdong",0,0,1356,8
2020-03-14,"Henan",0,0,1273,22
2020-03-14,"Zhejiang",0,0,1227,1
2020-03-14,"Hunan",0,0,1018,4
2020-03-14,"Anhui",0,0,990,6
2020-03-14,"Jiangxi",0,0,935,1
2020-03-14,"Shandong",0,0,760,7
2020-03-14,"Jiangsu",0,0,631,0
2020-03-14,"Chongqing",0,0,576,6
2020-03-14,"Sichuan",0,0,539,3
2020-03-14,"Heilongjiang",0,0,482,13
2020-03-14,"Beijing",1,0,437,8
2020-03-14,"Shanghai",4,0,350,3
2020-03-14,"Hebei",0,0,318,6
2020-03-14,"Fujian",0,0,296,1
2020-03-14,"Guangxi",0,0,252,2
2020-03-14,"Shaanxi",0,0,245,2
2020-03-14,"Yunnan",0,0,174,2
2020-03-14,"Hainan",0,0,168,6
2020-03-14,"Guizhou",0,0,146,2
2020-03-14,"Hong Kong SAR",6,1,137,4
2020-03-14,"Tianjin",0,0,136,3
2020-03-14,"Shanxi",0,0,133,0
2020-03-14,"Gansu",2,0,129,2
2020-03-14,"Liaoning",0,0,125,1
2020-03-14,"Jilin",0,0,93,1
2020-03-14,"Xinjiang",0,0,76,3
2020-03-14,"Ningxia",0,0,75,0
2020-03-14,"Inner Mongolia",0,0,75,1
2020-03-14,"Taipei and environs",1,0,50,1
2020-03-14,"Qinghai",0,0,18,0
2020-03-14,"Macao SAR",0,0,10,0
2020-03-14,"Xizang",0,0,1,0
2020-03-14,"Total",18,14,81021,3194
2020-03-15,"Hubei",4,10,67794,3085
2020-03-15,"Guangdong",1,0,1357,8
2020-03-15,"Henan",0,0,1273,22
2020-03-15,"Zhejiang",4,0,1231,1
2020-03-15,"Hunan",0,0,1018,4
2020-03-15,"Anhui",0,0,990,6
2020-03-15,"Jiangxi",0,0,935,1
2020-03-15,"Shandong",0,0,760,7
2020-03-15,"Jiangsu",0,0,631,0
2020-03-15,"Chongqing",0,0,576,6
2020-03-15,"Sichuan",0,0,539,3
2020-03-15,"Heilongjiang",0,0,482,13
2020-03-15,"Beijing",5,0,442,8
2020-03-15,"Shanghai",3,0,353,3
2020-03-15,"Hebei",0,0,318,6
2020-03-15,"Fujian",0,0,296,1
2020-03-15,"Guangxi",0,0,252,2
2020-03-15,"Shaanxi",0,0,245,2
2020-03-15,"Yunnan",0,0,174,2
2020-03-15,"Hainan",0,0,168,6
2020-03-15,"Guizhou",0,0,146,2
2020-03-15,"Hong Kong SAR",4,0,141,4
2020-03-15,"Tianjin",0,0,136,3
2020-03-15,"Shanxi",0,0,133,0
2020-03-15,"Gansu",3,0,132,2
2020-03-15,"Liaoning",0,0,125,1
2020-03-15,"Jilin",0,0,93,1
2020-03-15,"Xinjiang",0,0,76,3
2020-03-15,"Ningxia",0,0,75,0
2020-03-15,"Inner Mongolia",0,0,75,1
2020-03-15,"Taipei and environs",3,0,53,1
2020-03-15,"Qinghai",0,0,18,0
2020-03-15,"Macao SAR",0,0,10,0
2020-03-15,"Xizang",0,0,1,0
2020-03-15,"Total",27,10,81048,3204
2020-03-16,"Total",29,14,81077,3218
2020-03-17,"Total",39,13,81116,3231
2020-03-18,"Total",39,13,81116,3231
2020-03-19,"Total",58,11,81174,3242
2020-03-20,"Total",126,11,81300,3253
2020-03-21,"Total",116,8,81416,3261
2020-03-22,"Total",82,6,81498,3267
2020-03-23,"Total",103,9,81601,3276
2020-03-24,"Total",146,7,81747,3283
2020-03-25,"Total",101,4,81848,3287
2020-03-26,"Total",113,6,81961,3293
2020-03-27,"Total",117,5,82078,3298
2020-03-28,"Total",152,3,82230,3301
2020-03-29,"Total",126,5,82356,3306
2020-03-30,"Total",106,4,82447,3310
2020-03-31,"Total",98,4,82545,3314
2020-04-01,"Total",86,7,82631,3321
2020-04-02,"Total",93,6,82724,3327
2020-04-03,"Total",78,4,82802,3331
2020-04-04,"Total",73,4,82875,3335
2020-04-05,"Total",55,3,82930,3338
2020-04-06,"Total",75,2,83005,3340
2020-04-07,"Total",66,0,83071,3340
2020-04-08,"Total",86,2,83157,3342
2020-04-09,"Total",92,2,83249,3344
2020-04-10,"Total",56,1,83305,3345
2020-04-11,"Total",64,4,83369,3349
2020-04-12,"Total",113,0,83482,3349
2020-04-13,"Total",115,2,83597,3351
2020-04-14,"Total",99,0,83696,3351
2020-04-15,"Total",49,1,83745,3352
2020-04-16,"Total",52,0,83797,3352
2020-04-17,"Total",352,1290,84149,4642
2020-04-18,"Total",31,0,84180,4642
2020-04-19,"Total",21,0,84201,4642
2020-04-20,"Total",36,0,84237,4642
2020-04-21,"Total",13,0,84250,4642
2020-04-22,"Total",37,0,84287,4642
2020-04-23,"Total",15,0,84302,4642
2020-04-24,"Total",9,0,84311,4642
2020-04-25,"Total",14,0,84325,4642
2020-04-26,"Total",14,0,84338,4642
2020-04-27,"Total",3,1,84341,4643
2020-04-28,"Total",6,0,84347,4643
2020-04-29,"Total",22,0,84369,4643
2020-04-30,"Total",4,0,84373,4643
2020-05-01,"Total",12,0,84385,4643
2020-05-02,"Total",3,0,84388,4643
2020-05-03,"Total",5,0,84393,4643
2020-05-04,"Total",7,0,84400,4643
2020-05-05,"Total",4,0,84404,4643
2020-05-06,"Total",2,0,84406,4643
2020-05-07,"Total",3,0,84409,4643
2020-05-08,"Total",6,0,84415,4643
2020-05-09,"Total",1,0,84416,4643
2020-05-10,"Total",14,0,84430,4643
2020-05-11,"Total",20,0,84450,4643
2020-05-12,"Total",1,1,84451,4644
2020-05-13,"Total",7,0,84458,4644
2020-05-14,"Total",6,0,84464,4644
2020-05-15,"Total",5,0,84469,4644
2020-05-16,"Total",9,0,84478,4644
2020-05-17,"Total",6,1,84484,4645
2020-05-18,"Total",10,0,84494,4645
2020-05-19,"Total",6,0,84500,4645
2020-05-20,"Total",5,0,84505,4645
2020-05-21,"Total",2,0,84507,4645
2020-05-22,"Total",13,0,84520,4645
2020-05-23,"Total",2,0,84522,4645
2020-05-24,"Total",3,0,84525,4645
2020-05-25,"Total",11,0,84536,4645
